{"cameraMode":{"drawMode":0,"name":"Shaded","section":"Shading Mode"},"sceneLighting":true,"audioPlay":false,"sceneViewState":{"showFog":true,"showMaterialUpdate":false,"showSkybox":true,"showFlares":true,"showImageEffects":true,"showParticleSystems":true},"in2DMode":false,"pivot":{"x":-0.6671119928359985,"y":-0.05498325824737549,"z":0.3322761058807373},"rotation":{"x":-0.344007670879364,"y":-0.02478754334151745,"z":0.009085061028599739,"w":-0.938595712184906},"size":42.611488342285159,"orthographic":false}